<?xml version="1.0" encoding="UTF-8"?>
<beans xmlns="http://www.springframework.org/schema/beans"
	xmlns:xsi="http://www.w3.org/2001/XMLSchema-instance" 
	xmlns:tx="http://www.springframework.org/schema/tx"
	xmlns:aop="http://www.springframework.org/schema/aop"
	xmlns:context="http://www.springframework.org/schema/context"
	xsi:schemaLocation="http://www.springframework.org/schema/beans http://www.springframework.org/schema/beans/spring-beans.xsd
	http://www.springframework.org/schema/tx http://www.springframework.org/schema/tx/spring-tx-2.0.xsd
	http://www.springframework.org/schema/aop http://www.springframework.org/schema/aop/spring-aop-2.0.xsd
	http://www.springframework.org/schema/context http://www.springframework.org/schema/context/spring-context-4.2.xsd">
	
	<context:component-scan base-package="com.ppp.db"></context:component-scan>
	
	<!-- 스프링과 JPA 연동 설정 -->
	<bean id="jpaVendorAdapter"
		class="org.springframework.orm.jpa.vendor.HibernateJpaVendorAdapter"></bean>
	<!-- 책에는 안나와있지만 이거 추가해야함  -->
	<bean id="dataSource" class="org.springframework.jdbc.datasource.DriverManagerDataSource">
        <property name="driverClassName" value="org.h2.Driver" />
        <property name="url" value="jdbc:h2:tcp://localhost/~/test" />
        <property name="username" value="sa" />
        <property name="password" value="" />
    </bean>
    
	<bean id="entityManagerFactory"
		class="org.springframework.orm.jpa.LocalContainerEntityManagerFactoryBean">
		<property name="dataSource" ref="dataSource"></property>
		<property name="jpaVendorAdapter" ref="jpaVendorAdapter"></property>
		<!-- persistence.xml지울거면 이걸로 대체
			<property name="packagesToScan" value="com.ppp.db.customer"></property> 
			<property name="jpaProperties"> <props> <prop key="hibernate.dialect">org.hibernate.dialect.H2Dialect</prop> 
			<prop key="hibernate.show_sql">true</prop> <prop key="hibernate.format_sql">true</prop> 
			<prop key="hibernate.use_sql_comments">true</prop> <prop key="hibernate.id.new_generator_mappings">true</prop> 
			<prop key="hibernate.hbm2ddl.auto">create</prop> </props> </property>
 		-->
	</bean>

	<!-- Transaction 설정 -->
	<bean id="txManager" class="org.springframework.orm.jpa.JpaTransactionManager">
		<property name="entityManagerFactory" ref="entityManagerFactory"></property>
	</bean>
	<tx:advice id="txAdvice" transaction-manager="txManager">
		<tx:attributes>
			<tx:method name="get*" read-only="true" />
			<tx:method name="*" />
		</tx:attributes>
	</tx:advice>

	<aop:config>
		<aop:pointcut id="allPointcut" expression="execution(* com.ppp.db..*Impl.*(..))" />
		<aop:advisor pointcut-ref="allPointcut" advice-ref="txAdvice" />
	</aop:config>

</beans>
