<?xml version="1.0" encoding="UTF-8"?>
<beans xmlns="http://www.springframework.org/schema/beans"
	xmlns:xsi="http://www.w3.org/2001/XMLSchema-instance" xmlns:context="http://www.springframework.org/schema/context"
	xsi:schemaLocation="http://www.springframework.org/schema/beans
	http://www.springframework.org/schema/beans/spring-beans.xsd
	http://www.springframework.org/schema/context
	http://www.springframework.org/schema/context/spring-context-4.2.xsd">

	<!-- <bean id="sendService" class="com.ppp.db.send.SendServiceImpl">
    	<qualifier value="sendService"/>
	</bean> -->
<!-- 	<bean id="officeService" class="com.ppp.db.office.OfficeServiceImpl">
	    <qualifier value="officeService"/>
	</bean> -->
	
	
	<context:component-scan base-package="com.ppp.db.view">
	</context:component-scan>
	
	<!-- 예외 처리 설정 -->
	<bean id="exceptionResolver" class="org.springframework.web.servlet.handler.SimpleMappingExceptionResolver">
		<property name="exceptionMappings">
			<props>
				<prop key="java.lang.ArithmeticException">
					common/arithmeticError.jsp
				</prop>
				<prop key="java.lang.NullPointerException">
					common/nullPointerError.jsp
				</prop>
			</props>
		</property>
		<property name="defaultErrorView" value="common/error.jsp"/>
	</bean>
</beans>
